{
    "spawn7": {
        "Adjustment": {
            "NumMeteorites": 8,
            "PopWidth": 0.0,
            "RepopTime": 0.0
        },
        "Position0": [
            22.0,
            14.0,
            3.9700000286102295
        ],
        "Position1": [
            22.040000915527344,
            14.0,
            -6.320000171661377
        ],
        "Position2": [
            26.670000076293945,
            14.0,
            3.9600000381469727
        ],
        "Position3": [
            26.869998931884766,
            14.0,
            -6.320000171661377
        ],
        "Position4": [
            37.65999984741211,
            14.0,
            -5.710000038146973
        ],
        "Position5": [
            41.2400016784668,
            14.0,
            -8.170000076293945
        ],
        "Position6": [
            44.209999084472656,
            14.0,
            3.0
        ],
        "Position7": [
            47.279998779296875,
            14.0,
            0.33000001311302185
        ]
    }
}
