{
    "spawn2": {
        "Adjustment": {
            "NumMeteorites": 12,
            "PopWidth": 0.0,
            "RepopTime": 0.0
        },
        "Position0": [
            22.0,
            14.0,
            -0.6700000166893005
        ],
        "Position1": [
            24.540000915527344,
            14.0,
            -0.7200000286102295
        ],
        "Position10": [
            50.47999954223633,
            14.0,
            4.110000133514404
        ],
        "Position11": [
            51.16999816894531,
            14.0,
            -3.4600000381469727
        ],
        "Position2": [
            27.119998931884766,
            14.0,
            -0.8199999928474426
        ],
        "Position3": [
            28.56999969482422,
            14.0,
            2.130000114440918
        ],
        "Position4": [
            28.920000076293945,
            14.0,
            -3.9800000190734863
        ],
        "Position5": [
            30.260000228881836,
            14.0,
            -0.7699999809265137
        ],
        "Position6": [
            42.91999816894531,
            14.0,
            6.079999923706055
        ],
        "Position7": [
            44.98999786376953,
            14.0,
            -6.400000095367432
        ],
        "Position8": [
            46.43000030517578,
            14.0,
            0.5799999833106995
        ],
        "Position9": [
            48.26000213623047,
            14.0,
            -11.40999984741211
        ]
    }
}
