{
    "spawn3": {
        "Adjustment": {
            "NumMeteorites": 14,
            "PopWidth": 0.0,
            "RepopTime": 0.0
        },
        "Position0": [
            22.0,
            14.0,
            1.5199999809265137
        ],
        "Position1": [
            22.25,
            14.0,
            -3.950000047683716
        ],
        "Position10": [
            43.459999084472656,
            14.0,
            4.909999847412109
        ],
        "Position11": [
            45.86000061035156,
            14.0,
            -1.190000057220459
        ],
        "Position12": [
            48.87999725341797,
            14.0,
            -3.450000047683716
        ],
        "Position13": [
            49.30999755859375,
            14.0,
            1.1100000143051147
        ],
        "Position2": [
            25.619998931884766,
            14.0,
            -1.059999942779541
        ],
        "Position3": [
            28.270000457763672,
            14.0,
            5.150000095367432
        ],
        "Position4": [
            28.31999969482422,
            14.0,
            -6.860000133514404
        ],
        "Position5": [
            31.489999771118164,
            14.0,
            -0.8500000238418579
        ],
        "Position6": [
            35.72999954223633,
            14.0,
            7.699999809265137
        ],
        "Position7": [
            35.72999954223633,
            14.0,
            -9.15999984741211
        ],
        "Position8": [
            40.209999084472656,
            14.0,
            -0.949999988079071
        ],
        "Position9": [
            43.43000030517578,
            14.0,
            -7.170000076293945
        ]
    }
}
