{
    "spawn4": {
        "Adjustment": {
            "NumMeteorites": 10,
            "PopWidth": 0.0,
            "RepopTime": 0.0
        },
        "Position0": [
            22.0,
            14.0,
            -7.53000020980835
        ],
        "Position1": [
            22.010000228881836,
            14.0,
            4.920000076293945
        ],
        "Position2": [
            27.34000015258789,
            14.0,
            -7.460000038146973
        ],
        "Position3": [
            27.360000610351563,
            14.0,
            4.880000114440918
        ],
        "Position4": [
            36.040000915527344,
            14.0,
            7.949999809265137
        ],
        "Position5": [
            36.15999984741211,
            14.0,
            -5.570000171661377
        ],
        "Position6": [
            36.16999816894531,
            14.0,
            -9.520000457763672
        ],
        "Position7": [
            36.20000076293945,
            14.0,
            3.2200000286102295
        ],
        "Position8": [
            43.939998626708984,
            14.0,
            5.050000190734863
        ],
        "Position9": [
            48.48999786376953,
            14.0,
            -6.050000190734863
        ]
    }
}
