{
    "spawn8": {
        "Adjustment": {
            "NumMeteorites": 8,
            "PopWidth": 0.0,
            "RepopTime": 0.0
        },
        "Position0": [
            22.0,
            14.0,
            -4.159999847412109
        ],
        "Position1": [
            26.5,
            14.0,
            -6.289999961853027
        ],
        "Position2": [
            27.09000015258789,
            14.0,
            3.9600000381469727
        ],
        "Position3": [
            30.940000534057617,
            14.0,
            1.899999976158142
        ],
        "Position4": [
            41.650001525878906,
            14.0,
            -4.619999885559082
        ],
        "Position5": [
            41.65999984741211,
            14.0,
            0.550000011920929
        ],
        "Position6": [
            51.72999954223633,
            14.0,
            -4.820000171661377
        ],
        "Position7": [
            52.220001220703125,
            14.0,
            0.28999999165534973
        ]
    }
}
