{
    "spawn9": {
        "Adjustment": {
            "NumMeteorites": 8,
            "PopWidth": 0.0,
            "RepopTime": 0.0
        },
        "Position0": [
            22.0,
            14.0,
            2.5899999141693115
        ],
        "Position1": [
            22.0,
            14.0,
            -5.190000057220459
        ],
        "Position2": [
            31.690000534057617,
            14.0,
            -1.309999942779541
        ],
        "Position3": [
            41.0,
            14.0,
            -1.3200000524520874
        ],
        "Position4": [
            46.630001068115234,
            14.0,
            -5.519999980926514
        ],
        "Position5": [
            46.73999786376953,
            14.0,
            2.25
        ],
        "Position6": [
            51.18000030517578,
            14.0,
            -5.559999942779541
        ],
        "Position7": [
            51.310001373291016,
            14.0,
            2.25
        ]
    }
}
