{
    "spawn6": {
        "Adjustment": {
            "NumMeteorites": 7,
            "PopWidth": 0.0,
            "RepopTime": 0.0
        },
        "Position0": [
            22.0,
            14.0,
            5.150000095367432
        ],
        "Position1": [
            25.270000457763672,
            14.0,
            -1.2100000381469727
        ],
        "Position2": [
            30.760000228881836,
            14.0,
            -7.300000190734863
        ],
        "Position3": [
            36.290000915527344,
            14.0,
            -1.2000000476837158
        ],
        "Position4": [
            41.779998779296875,
            14.0,
            4.840000152587891
        ],
        "Position5": [
            46.31999969482422,
            14.0,
            -1.809999942779541
        ],
        "Position6": [
            50.369998931884766,
            14.0,
            -7.829999923706055
        ]
    }
}
