{
    "spawn1": {
        "Adjustment": {
            "NumMeteorites": 12,
            "PopWidth": 0.0,
            "RepopTime": 0.0
        },
        "Position0": [
            22.0,
            14.0,
            7.25
        ],
        "Position1": [
            22.34000015258789,
            14.0,
            2.2200000286102295
        ],
        "Position10": [
            50.189998626708984,
            14.0,
            -12.010000228881836
        ],
        "Position11": [
            50.400001525878906,
            14.0,
            -7.860000133514404
        ],
        "Position2": [
            29.010000228881836,
            14.0,
            -7.53000020980835
        ],
        "Position3": [
            29.139999389648438,
            14.0,
            -11.850000381469727
        ],
        "Position4": [
            33.72999954223633,
            14.0,
            -9.069999694824219
        ],
        "Position5": [
            33.810001373291016,
            14.0,
            6.460000038146973
        ],
        "Position6": [
            37.95000076293945,
            14.0,
            -8.970000267028809
        ],
        "Position7": [
            37.970001220703125,
            14.0,
            6.449999809265137
        ],
        "Position8": [
            44.08000183105469,
            14.0,
            6.96999979019165
        ],
        "Position9": [
            44.15999984741211,
            14.0,
            2.7200000286102295
        ]
    }
}
