{
    "spawn5": {
        "Adjustment": {
            "NumMeteorites": 7,
            "PopWidth": 0.0,
            "RepopTime": 0.0
        },
        "Position0": [
            22.0,
            14.0,
            -7.440000057220459
        ],
        "Position1": [
            25.260000228881836,
            14.0,
            -1.2100000381469727
        ],
        "Position2": [
            30.75,
            14.0,
            5.170000076293945
        ],
        "Position3": [
            36.279998779296875,
            14.0,
            -1.2000000476837158
        ],
        "Position4": [
            41.77000045776367,
            14.0,
            -8.239999771118164
        ],
        "Position5": [
            46.310001373291016,
            14.0,
            -1.809999942779541
        ],
        "Position6": [
            50.959999084472656,
            14.0,
            4.71999979019165
        ]
    }
}
