{
    "GameOverBoss": {
        "Face": [
            0.0,
            0.0,
            0.0
        ],
        "InMouth_Parts": [
            0.0,
            0.0,
            0.0
        ],
        "LeftEye": [
            18.0,
            15.0,
            13.5
        ],
        "LeftEyebrows": [
            13.399999618530273,
            14.0,
            24.0
        ],
        "LowerJaw_Parts": [
            3.5,
            16.399999618530273,
            -12.0
        ],
        "RightEye": [
            -16.0,
            14.899999618530273,
            12.199999809265137
        ],
        "RightEyebrows": [
            -12.5,
            14.0,
            25.399999618530273
        ],
        "UpperJaw_Parts": [
            1.5,
            19.0,
            -16.0
        ]
    }
}
