{
    "haruto": {
        "Adjustment": {
            "popNum": 3,
            "rePopTime": 0,
            "rePopWidth": 5.0
        },
        "popPos0": [
            0.2199999988079071,
            0.0,
            0.0
        ],
        "popPos1": [
            0.2199999988079071,
            -0.20000000298023224,
            0.0
        ]
    }
}
