{
    "spawn3": {
        "enemy0": {
            "enemyType": 0,
            "position": [
                1.4800000190734863,
                13.0,
                -3.9000000953674316
            ]
        },
        "enemy1": {
            "enemyType": 0,
            "position": [
                3.0899999141693115,
                13.0,
                2.0899999141693115
            ]
        },
        "enemy2": {
            "enemyType": 0,
            "position": [
                -3.880000114440918,
                13.0,
                0.0
            ]
        }
    }
}
