{
    "spawn2": {
        "enemy0": {
            "enemyType": 0,
            "position": [
                4.03000020980835,
                13.0,
                -2.4800000190734863
            ]
        },
        "enemy1": {
            "enemyType": 0,
            "position": [
                -1.2300000190734863,
                13.0,
                2.640000104904175
            ]
        }
    }
}
