{
    "spawn4": {
        "enemy0": {
            "enemyType": 0,
            "position": [
                3.009999990463257,
                13.0,
                -1.3899999856948853
            ]
        },
        "enemy1": {
            "enemyType": 0,
            "position": [
                0.5099999904632568,
                13.0,
                2.6700000762939453
            ]
        },
        "enemy2": {
            "enemyType": 0,
            "position": [
                -2.950000047683716,
                13.0,
                1.1200000047683716
            ]
        },
        "enemy3": {
            "enemyType": 0,
            "position": [
                -1.25,
                13.0,
                -4.309999942779541
            ]
        }
    }
}
